,recno,HCG,m_HCG,RAB1950,DEB1950,a,b,MType,T,morph,RVhel,e_RVhel,q_RVhel,Bmag,q_Bmag,DBmag,Rmag,q_Rmag,DRmag,B-R,BTmag,BTc,e_BTmag,MB-5log(h),Names
0,1,1,a,5.874666666666666,25.448305555555553,37.6,26.9,Sc,7,m,10237,39,0,15.02,0,55.0,13.33,2,87.7,1.29,14.87,14.43,0.2,-20.6,U248a
1,2,1,b,5.8698749999999995,25.44219444444444,42.8,10.7,Im,12,m,10266,40,0,15.68,0,32.5,13.85,2,65.7,1.36,15.96,15.04,0.1,-20.0,U248b
2,3,1,c,5.822041666666666,25.446555555555552,10.7,10.7,E0,0,,10056,34,0,10.21,0,23.8,14.15,0,51.6,1.69,15.89,15.57,0.1,-19.5,
3,4,1,d,5.840249999999999,25.448166666666662,8.5,4.8,S0,1,,10120,47,0,17.4,0,12.0,15.77,0,13.9,1.6,16.92,16.5,0.2,-18.5,
4,5,2,a,7.203541666666665,8.19222222222222,40.5,19.7,SBd,9,m,4326,30,0,14.02,0,60.7,13.1,0,67.5,0.88,13.84,13.35,0.1,,U312
5,6,2,b,7.182249999999999,8.199166666666665,21.2,18.4,cI,13,m,4366,34,0,14.62,0,37.6,13.4,0,50.5,1.14,14.63,14.39,0.1,,Mk552 MCG1-2-18
6,7,2,c,7.226333333333332,8.124694444444444,32.9,18.1,SBc,7,m,4235,34,0,15.14,0,48.9,13.97,0,55.4,1.1,14.6,14.15,0.1,,U314
7,8,2,d,7.263791666666665,8.114749999999999,13.2,12.0,SBb,5,,21340,85,0,16.74,0,24.7,15.12,0,28.6,1.54,16.0,15.72,0.2,,U315
8,9,3,a,7.919583333333332,-7.840388888888888,26.6,8.0,Sc,7,,7302,51,0,15.6,0,30.8,14.11,0,39.3,1.41,15.36,14.72,0.1,,
9,10,3,b,7.969208333333333,-7.8752499999999985,15.4,9.6,SB0a,2,,7860,45,0,15.76,0,24.4,14.0,0,31.7,1.71,15.64,15.28,0.1,,
10,11,3,c,7.948124999999999,-7.875777777777777,23.7,6.4,Sd,9,,11545,68,1,16.75,0,19.8,15.27,0,26.2,1.37,16.54,15.87,0.1,,
11,12,3,d,7.905541666666665,-7.877749999999999,13.1,9.7,S0,1,,7804,30,0,15.98,0,20.1,14.15,0,34.7,1.69,15.91,15.64,0.1,,
12,13,4,a,7.932041666666666,-21.714138888888886,41.1,33.5,Sc,7,m,8097,36,0,13.8,0,67.5,12.71,0,75.2,1.01,13.78,13.5,0.1,-21.1,
13,14,4,b,7.933999999999999,-21.745777777777775,24.2,9.1,Sc,7,,7065,44,0,15.7,0,30.9,14.62,0,34.0,1.03,15.52,14.97,0.2,-19.3,
14,15,4,c,7.940083333333332,-21.693388888888887,12.8,10.0,E2,0,m,8863,74,1,16.11,0,24.4,14.45,0,37.3,1.51,15.9,15.69,0.1,-19.1,
15,16,4,d,7.944874999999999,-21.753194444444443,12.7,7.4,E4,0,m,8215,37,0,16.12,0,20.5,14.86,0,26.4,1.19,15.68,15.47,0.1,-19.1,
16,17,4,e,7.909874999999999,-21.711416666666665,12.9,9.4,Sab,4,,18480,180,1,16.61,0,19.0,15.26,0,21.3,1.31,16.37,16.05,0.1,,
17,18,5,a,9.081708333333331,6.7879444444444434,24.4,24.3,Sab,4,m,12147,34,0,15.08,1,43.5,13.39,1,62.4,1.58,14.79,14.55,0.2,-20.7,N190N U397a
18,19,5,b,9.08175,6.781416666666666,17.9,17.5,E0,0,m,12221,29,0,15.99,1,28.2,13.7,1,49.2,2.03,15.76,15.52,0.2,-19.9,N1905 U397b
19,20,5,c,9.073833333333333,6.797999999999999,15.1,13.4,S0,1,,12489,47,0,16.72,1,21.7,13.77,1,39.1,1.72,16.52,16.26,0.2,-19.2,
20,21,5,d,9.082916666666666,6.773305555555555,12.3,5.0,Sc,7,,8215,37,1,17.3,1,17.2,15.49,1,27.4,1.68,17.27,16.72,0.2,-18.7,
21,22,6,a,9.173749999999998,-8.668805555555554,14.3,7.3,S0a,2,,11669,52,1,15.87,1,25.2,13.94,1,44.2,1.62,15.69,15.27,0.2,-20.1,
22,23,6,b,9.15875,-8.671833333333332,21.2,8.7,Sab,4,m,11377,61,0,16.16,1,29.5,14.18,1,48.4,1.74,16.03,15.5,0.2,-19.8,
23,24,6,c,9.162416666666665,-8.67475,21.9,11.0,E5,0,,10967,61,0,15.97,1,27.1,14.09,1,44.7,1.64,15.59,15.37,0.2,-19.9,
24,25,6,d,9.147916666666665,-8.675749999999999,9.0,4.8,Sbc,6,,11434,62,0,17.89,1,14.0,16.45,1,20.5,1.39,17.63,17.19,0.2,-18.1,
25,26,7,a,9.165249999999999,0.5890277777777777,56.8,27.6,Sb,5,m,4210,20,0,13.5,0,80.2,11.97,0,96.3,1.48,13.46,12.98,0.1,-20.1,N192 U401
26,27,7,b,9.183874999999999,0.6381388888888888,40.1,29.2,SB0,1,,4238,25,0,13.94,0,69.8,12.4,0,92.2,1.44,14.02,13.74,0.2,-19.4,N196 U405
27,28,7,c,9.254791666666666,0.5850833333333333,52.3,42.6,SBc,7,m,4366,36,0,13.65,0,91.0,12.41,0,102.7,1.19,12.9,12.6,0.7,-20.6,N201 U419
28,29,7,d,9.187833333333332,0.6168888888888888,38.3,27.9,SBc,7,,4116,38,0,14.85,0,59.3,13.39,0,83.8,1.12,15.11,14.77,0.2,-18.3,N197 U406
29,30,8,a,11.726999999999999,23.305555555555554,31.5,16.6,E5,0,m,16014,51,0,15.5,1,13.7,13.23,1,88.6,1.76,14.8,14.5,0.5,-21.5,
30,31,8,b,11.731291666666666,23.31894444444444,14.7,8.8,S0,1,m,15966,38,0,16.41,1,24.3,14.44,1,36.0,1.82,15.79,15.41,0.2,-20.6,
31,32,8,c,11.733833333333331,23.311638888888886,13.9,11.8,S0,1,,17087,51,0,16.31,1,25.9,14.28,1,43.3,1.81,15.65,15.33,0.2,-20.9,
32,33,8,d,11.73745833333333,23.300749999999997,15.6,13.1,S0,1,,16341,39,0,16.41,1,26.0,14.27,1,50.5,1.76,15.74,15.42,0.2,-20.7,
33,34,9,a,12.973208333333332,-23.823666666666664,23.6,18.7,E2,0,,20155,125,0,15.59,1,38.6,13.55,1,70.6,1.6,15.1,14.89,0.2,,
34,35,9,b,12.954791666666665,-23.806416666666664,11.1,7.9,S0,1,,9406,150,1,15.95,1,32.6,15.17,1,23.8,1.11,15.8,15.5,0.5,,
35,36,9,c,12.968791666666664,-23.83930555555555,9.0,7.9,Sc,7,,10300,192,0,16.96,0,16.2,15.32,0,27.4,1.34,16.81,16.56,0.2,,
36,37,9,d,12.958583333333332,-23.82358333333333,13.3,12.5,SBcd,8,,17726,193,0,16.69,0,16.9,15.38,0,21.1,1.09,16.72,16.49,0.2,,
37,38,10,a,20.879291666666663,34.44258333333333,104.8,35.9,SBb,5,m,5148,19,0,13.49,0,93.6,11.81,0,123.9,1.56,13.36,12.62,0.1,,N536 U1013
38,39,10,b,20.708541666666665,34.45308333333333,51.2,48.0,E1,0,m,4862,22,0,13.35,0,97.3,11.68,0,127.3,1.57,13.07,12.7,0.1,,N529 U995
39,40,10,c,20.868249999999996,34.494472222222214,55.4,12.9,Sc,7,m,4660,32,0,14.98,0,49.2,13.23,0,63.6,1.66,14.94,14.07,0.1,,N531 U1012
40,41,10,d,20.91845833333333,34.41569444444444,29.2,7.3,Scd,8,,4620,40,0,15.82,0,28.4,14.23,0,35.8,1.52,15.54,14.69,0.2,,N542
41,42,11,a,21.044999999999998,-23.48544444444444,53.9,48.5,SBbc,6,,5504,33,0,13.65,0,91.9,12.37,0,107.3,1.22,13.21,12.97,0.2,,
42,43,11,b,21.04445833333333,-23.52494444444444,15.6,11.2,SBc,7,,13295,86,0,15.93,0,26.5,14.75,0,28.5,1.15,15.62,15.3,0.2,,
43,44,11,c,21.02433333333333,-23.45305555555555,11.6,5.8,Scd,8,,12904,61,0,17.26,0,17.8,15.99,0,19.9,1.2,17.01,16.56,0.1,,
44,45,11,d,21.093624999999996,-23.48055555555555,9.6,7.6,SB0,1,,9686,61,0,16.86,0,18.3,15.37,0,24.4,1.39,16.8,16.55,0.1,,
45,46,12,a,21.257416666666664,-4.9417222222222215,22.9,15.9,S0,1,m,14407,53,0,15.25,0,37.8,13.37,0,61.4,1.71,15.09,14.82,0.1,-21.0,
46,47,12,b,21.261374999999997,-4.911027777777777,18.7,11.6,SB0,1,m,14956,38,0,16.82,0,19.6,14.96,0,26.5,1.76,16.58,16.29,0.2,-19.6,
47,48,12,c,21.273749999999996,-4.920166666666666,12.0,5.4,S0,1,,14569,66,1,17.82,0,9.5,16.01,0,13.4,1.74,17.64,17.3,0.1,-18.6,
48,49,12,d,21.27275,-4.927555555555555,14.5,8.3,Sbc,6,,14241,62,0,18.16,0,12.8,16.14,0,21.7,1.74,17.61,17.21,0.2,-18.6,
49,50,12,e,21.23420833333333,-4.936388888888888,6.8,4.6,S0,1,,14469,62,0,18.25,0,9.1,16.51,0,11.5,1.68,18.25,17.98,0.1,,
50,51,13,a,22.460499999999996,-8.116944444444444,29.1,11.3,SBab,4,,12469,42,0,15.69,1,34.8,13.72,1,55.8,1.8,15.14,14.61,0.2,-20.9,
51,52,13,b,22.468249999999998,-8.130805555555554,19.9,18.0,E0,0,m,12100,101,0,15.97,1,33.7,13.86,1,57.3,1.8,15.45,15.25,0.2,-20.2,
52,53,13,c,22.471916666666665,-8.137333333333332,10.8,5.8,S0,1,m,12240,105,0,16.96,1,20.2,15.0,1,31.6,1.71,16.55,16.24,0.2,-19.2,
53,54,13,d,22.455166666666663,-8.153777777777776,6.8,4.8,S0,1,,12209,107,0,17.69,0,10.5,15.99,0,13.5,1.64,17.73,17.47,0.1,-18.0,
54,55,13,e,22.483583333333332,-8.126999999999999,9.1,5.0,S0,1,,12593,61,0,17.82,0,13.3,15.76,0,28.3,1.61,17.58,17.28,0.1,-18.2,
55,56,14,a,29.33429166666666,-7.30111111111111,26.8,11.6,Sb,5,m,5929,35,0,15.67,2,32.0,13.67,2,49.8,1.86,15.26,14.77,0.2,,
56,57,14,b,29.344416666666664,-7.328472222222222,30.8,16.7,E5,0,m,5365,28,0,15.18,2,51.9,13.51,2,66.4,1.54,14.37,14.17,0.2,,
57,58,14,c,29.329499999999996,-7.272805555555554,18.0,7.3,Sbc,6,m,5145,37,0,17.68,2,15.9,15.58,2,21.8,1.94,17.1,16.58,0.2,,
58,59,14,d,29.30816666666666,-7.2245833333333325,13.2,10.7,Sd,9,,8416,58,0,16.98,0,21.2,15.73,0,25.6,1.15,16.43,16.16,0.2,,
59,60,15,a,31.32508333333333,1.930583333333333,36.0,20.7,Sa,3,m,6967,30,0,14.87,0,48.7,13.08,0,72.3,1.62,14.69,14.29,0.2,-19.9,U1624
60,61,15,b,31.24645833333333,1.8779999999999997,25.6,25.6,E0,0,m,7117,36,0,15.31,0,38.4,13.41,0,69.8,1.7,14.95,14.74,0.1,-19.5,U1617
61,62,15,c,31.269916666666663,1.912583333333333,24.5,24.1,E0,0,,7222,30,0,14.91,0,45.9,13.34,0,56.2,1.52,14.58,14.37,0.1,-19.9,U1620
62,63,15,d,31.26045833333333,1.9436111111111107,24.1,18.9,E2,0,m,6244,36,0,15.6,1,36.6,13.69,1,56.5,1.7,14.86,14.65,0.2,-19.3,U1618a
63,64,15,e,31.20995833333333,1.8788333333333331,22.0,18.0,Sa,3,,7197,32,0,15.94,0,29.9,13.96,0,58.8,1.69,15.84,15.56,0.1,-18.7,U1617
64,65,15,f,31.261874999999996,1.9531111111111108,16.8,10.0,Sbc,6,m,6242,102,0,16.73,1,25.7,15.35,1,34.1,1.3,16.13,15.74,0.2,-18.2,U1618b
65,66,16,a,31.73920833333333,-10.37222222222222,34.9,32.6,SBab,4,m,4152,39,0,13.05,1,77.1,12.24,1,75.4,0.82,12.99,12.76,0.15,-20.3,N835 Mk1021
66,67,16,b,31.722166666666663,-10.369138888888887,49.4,23.1,Sab,4,m,3977,25,0,13.83,1,61.3,12.75,1,60.9,1.07,13.74,13.27,0.15,-19.7,N833
67,68,16,c,31.796874999999996,-10.382222222222222,31.5,25.1,Im,12,m,3851,36,0,13.72,0,68.9,12.65,0,68.3,1.04,13.4,13.1,0.08,-19.8,N838 Mk1022
68,69,16,d,31.814999999999994,-10.419749999999999,41.1,22.0,Im,7,m,3847,44,0,13.98,0,63.5,12.7,0,64.9,1.29,13.9,13.42,0.09,-19.5,N839
69,70,17,a,32.845,13.078055555555554,10.7,10.3,E0,0,,18228,44,0,17.15,1,18.6,14.7,1,49.2,1.88,16.75,16.52,0.2,-19.8,
70,71,17,b,32.839166666666664,13.080194444444443,9.0,8.9,E0,0,,17904,48,0,17.28,1,17.8,14.7,1,50.9,1.92,16.82,16.59,0.2,-19.7,
71,72,17,c,32.844874999999995,13.084416666666664,8.1,6.1,S0,1,,18224,105,0,17.76,1,14.3,15.32,1,34.7,1.91,17.73,17.45,0.2,-18.9,
72,73,17,d,32.85545833333333,13.073555555555554,4.3,4.1,S0,1,,18124,107,0,18.88,0,7.8,16.8,0,13.4,1.85,18.78,18.54,0.1,-17.8,
73,74,17,e,32.84116666666666,13.086055555555554,3.4,2.6,S0,1,,17976,142,1,19.55,0,6.2,17.4,0,11.1,1.9,19.26,18.98,0.2,-17.3,
74,75,18,a,39.09049999999999,18.15236111111111,33.9,10.8,S0a,2,,10019,47,0,15.62,1,42.2,14.11,1,45.5,1.42,15.61,15.01,0.2,,
75,76,18,b,39.07695833333333,18.167805555555553,50.0,26.8,Im,12,,,,,15.57,1,47.1,14.34,1,59.2,0.98,15.5,14.9,0.7,,U2140a
76,77,18,c,39.07583333333333,18.17347222222222,22.8,13.7,Im,12,,4143,37,0,16.24,1,30.1,15.25,1,35.8,0.82,16.09,15.61,0.2,,U2140b
77,78,18,d,39.07062499999999,18.178861111111107,21.6,18.3,Im,12,,4067,58,0,15.73,1,37.8,15.03,1,38.2,0.71,15.43,15.1,0.2,,U2140c
78,79,19,a,40.059416666666664,-12.633444444444443,26.2,20.4,E2,0,,4279,25,0,14.51,1,46.1,12.85,1,68.9,1.56,14.23,14.0,0.2,-19.2,
79,80,19,b,40.07495833333333,-12.639888888888887,24.1,7.8,Scd,8,,4210,25,0,15.79,1,28.5,14.44,1,34.4,1.28,15.86,15.24,0.2,-17.9,
80,81,19,c,40.09445833333333,-12.609888888888888,32.4,14.5,Sdm,10,,,,,15.58,0,45.8,14.25,0,58.5,1.12,14.97,14.46,0.1,-18.6,
81,82,19,d,40.077749999999995,-12.659305555555553,13.4,6.5,SBb,5,,,,,17.71,0,15.5,15.87,0,23.8,1.6,17.13,16.65,0.1,-16.5,
82,83,20,a,40.32116666666666,25.88808333333333,14.5,5.5,S0,1,,14477,45,0,17.43,1,16.2,15.26,1,29.9,1.85,17.17,16.7,0.2,-19.1,
83,84,20,b,40.323249999999994,25.898527777777772,9.4,5.0,E5,0,,14424,42,0,17.46,1,14.0,15.21,1,27.7,1.87,17.03,16.73,0.2,-19.1,
84,85,20,c,40.32766666666666,25.894444444444442,9.2,8.5,E1,0,,15032,45,0,17.36,1,17.6,15.18,1,33.7,1.83,16.94,16.64,0.2,-19.3,
85,86,20,d,40.34791666666666,25.89694444444444,7.4,6.2,S0a,2,,10561,61,0,17.88,1,13.3,16.01,1,19.2,1.75,17.72,17.37,0.2,,
86,87,20,e,40.341249999999995,25.891777777777776,5.4,4.1,E2,0,,14312,49,0,18.53,1,9.5,16.6,1,12.6,1.84,17.99,17.69,0.2,-18.1,
87,88,20,f,40.342458333333326,25.900166666666664,6.3,3.0,S0a,2,,14280,62,0,19.54,1,6.1,17.36,1,10.2,1.75,18.77,18.25,0.2,-17.5,
88,89,21,a,40.74341666666666,-17.918749999999996,44.8,13.2,Sc,7,m,7614,29,0,15.29,3,44.9,13.14,3,77.0,1.87,14.79,14.13,0.2,-20.3,
89,90,21,b,40.81912499999999,-17.899027777777775,45.9,19.1,Sab,4,,7568,35,0,14.69,3,54.4,12.64,3,82.6,1.89,14.39,13.85,0.2,-20.6,
90,91,21,c,40.64183333333333,-17.87022222222222,29.2,26.8,E1,0,,7356,31,0,14.88,3,50.6,12.66,3,95.3,1.62,14.34,14.1,0.2,-20.2,
91,92,21,d,40.79133333333333,-17.752638888888885,18.0,15.0,E2,0,,8835,48,0,15.96,3,30.6,14.17,3,44.6,1.62,15.42,15.18,0.2,-19.6,
92,93,21,e,40.761916666666664,-17.743611111111107,17.4,14.7,SB0a,2,,8843,61,0,16.34,3,28.8,14.58,3,39.6,1.62,16.1,15.81,0.2,-18.9,
93,94,22,a,45.32591666666666,-15.808444444444442,79.8,62.5,E2,0,m,2705,22,0,12.78,0,111.2,10.95,0,172.2,1.62,12.49,12.24,0.13,,N1199
94,95,22,b,45.27479166666666,-15.856805555555553,30.6,12.4,Sa,3,,2625,38,0,15.32,0,38.4,13.64,0,57.5,1.52,15.04,14.47,0.1,,
95,96,22,c,45.266749999999995,-15.818277777777775,52.2,47.3,SBcd,8,,2728,60,0,14.55,0,81.4,13.19,0,99.0,1.2,14.2,13.9,0.7,,
96,97,22,d,45.294708333333325,-15.880499999999998,23.3,15.7,E3,0,,9342,45,0,15.6,1,34.3,13.7,1,55.4,1.71,15.22,14.97,0.2,,
97,98,22,e,45.31049999999999,-15.873694444444443,25.8,13.0,E5,0,,9506,49,0,15.68,1,31.5,13.84,1,49.7,1.65,15.37,15.12,0.2,,
98,99,23,a,46.12649999999999,-9.735972222222221,37.2,11.9,Sab,4,m,4798,37,0,15.13,3,36.7,13.45,3,50.1,1.59,14.96,14.32,0.2,-19.1,N1214
99,100,23,b,46.18362499999999,-9.785027777777776,46.1,28.7,SBc,7,m,4921,30,0,15.14,3,48.7,13.41,3,64.4,1.59,14.83,14.42,0.2,-19.0,N1215
100,101,23,c,46.22087499999999,-9.80486111111111,23.2,6.8,S0,1,m,5016,97,0,16.0,3,19.4,13.67,3,32.3,2.25,15.98,15.52,0.2,-18.0,N1216
101,102,23,d,46.124083333333324,-9.821444444444444,19.3,15.2,Sd,9,m,4562,54,0,16.66,3,26.7,15.19,3,35.1,1.28,16.3,16.0,0.5,-17.3,
102,103,23,e,46.18724999999999,-9.769166666666665,12.1,5.5,Sm,11,,10150,60,0,17.77,3,15.6,16.09,3,21.0,1.52,17.59,17.03,0.2,,
103,104,24,a,49.46424999999999,-11.043055555555554,18.7,17.7,S0,1,,9248,41,0,15.89,1,34.0,13.81,1,63.2,1.69,15.51,15.23,0.2,-19.6,
104,105,24,b,49.49558333333333,-11.047083333333331,22.6,16.7,SBa,3,m,9137,44,0,15.6,0,38.7,13.94,0,48.9,1.54,15.26,14.89,0.2,-19.9,
105,106,24,c,49.453958333333325,-11.043166666666664,12.0,8.3,SB0,1,,9283,109,0,17.26,1,19.6,15.35,1,30.9,1.61,16.93,16.6,0.2,-18.2,
106,107,24,d,49.484333333333325,-11.037888888888887,6.5,4.7,S0a,2,,8779,61,0,17.95,0,11.0,16.25,0,16.0,1.61,17.83,17.46,0.1,-17.3,
107,108,24,e,49.47629166666666,-11.046972222222221,4.7,4.6,E0,0,,9323,61,0,18.3,1,9.5,16.45,1,14.5,1.63,17.91,17.64,0.2,-17.2,
108,109,25,a,49.54362499999999,-1.2888333333333333,38.4,17.5,SBc,7,m,6285,30,0,14.7,0,51.1,13.63,0,54.3,1.05,14.39,13.86,0.1,-20.2,U2690
109,110,25,b,49.55358333333333,-1.2243055555555553,29.0,19.1,SBa,3,m,6408,35,0,15.15,1,41.2,12.33,1,54.5,1.75,14.85,14.45,0.2,-19.6,U2691a
110,111,25,c,49.54404166666666,-1.1820277777777777,22.3,8.8,Sb,5,,10864,61,0,16.1,1,23.9,14.6,1,27.9,1.46,15.93,15.35,0.2,,
111,112,25,d,49.52529166666666,-1.2149444444444444,9.8,7.0,S0,1,m,6401,36,0,16.36,0,16.6,14.58,0,21.0,1.46,16.24,15.92,0.1,-18.1,
112,113,25,e,49.54183333333333,-1.1860277777777777,9.3,8.7,Sdm,10,,10965,38,0,16.67,1,17.0,15.38,1,19.3,1.25,16.17,15.89,0.2,,
113,114,25,f,49.55341666666666,-1.2336944444444442,11.1,9.9,S0,1,m,6279,37,0,16.66,1,18.8,14.96,1,29.2,1.52,17.26,16.98,0.2,-17.1,U2691b
114,115,25,g,49.581666666666656,-1.2428055555555555,8.7,6.2,S0,1,,12179,26,0,17.38,0,13.7,15.6,0,17.8,1.7,17.25,16.93,0.1,,
115,116,26,a,49.892083333333325,-13.829138888888886,32.0,5.8,Scd,8,m,9678,50,0,17.34,1,20.1,15.93,1,27.8,0.75,17.0,16.1,0.7,-18.9,
116,117,26,b,49.89979166666666,-13.826666666666664,19.5,9.6,E0,0,m,9332,39,0,16.74,1,21.1,15.46,1,25.1,1.3,15.88,15.61,0.2,-19.3,
117,118,26,c,49.86812499999999,-13.823916666666666,9.6,4.4,S0,1,,9618,62,0,17.61,0,11.9,16.46,0,13.7,1.1,17.51,17.1,0.1,-17.8,
118,119,26,d,49.89724999999999,-13.823694444444442,5.6,5.0,cI,13,m,9133,62,0,16.94,1,17.3,16.77,1,13.9,0.54,16.08,15.81,0.2,-19.0,
119,120,26,e,49.87474999999999,-13.84308333333333,10.5,3.5,Im,12,m,9623,50,0,18.34,0,11.4,17.57,0,12.9,0.66,17.8,17.05,0.1,-17.9,
120,121,26,f,49.90166666666666,-13.842166666666664,5.4,3.7,cI,13,,9626,46,0,18.93,0,7.3,18.57,0,7.3,0.36,18.95,18.68,0.1,-16.2,
121,122,26,g,49.89179166666666,-13.827027777777776,5.9,5.0,S0,1,,9293,62,0,18.48,1,11.8,17.61,1,11.2,1.03,17.7,17.4,0.7,-17.5,
122,123,27,a,64.27437499999999,-11.853055555555553,15.6,5.9,Sb,5,,18340,62,0,17.01,0,17.5,15.23,0,22.5,1.71,16.77,16.06,0.1,,
123,124,27,b,64.23945833333332,-11.821583333333331,13.8,8.5,SBc,7,,18530,61,0,16.58,0,21.7,15.28,0,23.1,1.29,16.25,15.71,0.1,,
124,125,27,c,64.26145833333332,-11.842861111111109,11.1,8.0,Sa,3,,26352,62,0,17.5,0,16.0,15.47,0,23.6,1.89,17.26,16.78,0.1,-20.4,
125,126,27,d,64.22604166666666,-11.811277777777777,8.3,4.5,S0a,2,,26256,62,0,18.02,0,12.2,16.14,0,17.5,1.74,17.8,17.25,0.1,-19.9,
126,127,27,e,64.25162499999999,-11.830916666666665,2.8,2.8,S0,1,,26044,115,0,19.22,0,8.0,17.18,0,11.1,1.9,18.4,18.0,0.5,-19.1,
127,128,27,f,64.23779166666665,-11.813527777777777,5.0,3.9,S0,1,m,26100,134,2,19.46,0,7.2,17.1,0,14.5,1.86,18.5,18.1,0.7,-19.0,
128,129,28,a,66.23349999999999,-10.417138888888887,25.7,5.7,Sb,5,m,11441,26,0,16.31,0,25.8,14.91,0,31.2,1.33,16.24,15.33,0.1,,
129,130,28,b,66.23949999999999,-10.437083333333332,21.4,11.1,E5,0,,11489,23,0,16.24,0,27.0,15.1,0,27.7,1.19,15.7,15.31,0.1,,
130,131,28,c,66.23195833333332,-10.42886111111111,10.8,6.5,S0,1,m,11290,26,0,16.67,0,17.3,15.35,0,21.2,1.26,16.24,15.76,0.1,,
131,132,28,d,66.23604166666665,-10.436583333333331,5.8,5.8,Sdm,10,,30205,63,0,18.42,0,13.9,16.76,0,18.0,1.15,17.8,17.4,0.7,,
132,133,29,a,68.19387499999999,-30.647249999999996,9.4,7.0,cI,13,,13328,46,0,15.24,2,32.7,15.16,2,21.9,0.67,14.84,14.49,0.2,,
133,134,29,b,68.19920833333332,-30.64583333333333,10.0,5.8,S0,1,,30824,64,0,18.66,0,14.1,16.77,2,16.9,1.91,17.5,17.0,0.5,,
134,135,29,c,68.20291666666665,-30.644138888888886,8.2,6.2,E2,0,,31669,64,0,18.25,0,12.0,16.67,0,18.9,1.51,17.75,17.4,0.2,,
135,136,29,d,68.21020833333333,-30.64583333333333,5.0,5.0,SB0,1,,31714,63,0,18.9,0,9.4,17.36,0,12.2,1.48,18.7,18.35,0.2,,
136,137,30,a,68.44991666666665,-2.9321388888888884,55.5,40.5,SB-,3,,4697,20,0,13.79,2,87.8,11.29,2,170.9,2.11,13.41,12.87,0.2,-20.5,
137,138,30,b,68.49883333333332,-2.967194444444444,36.5,23.5,Sa,3,m,4625,24,0,14.33,0,59.7,12.59,0,82.1,1.63,14.23,13.65,0.1,-19.7,
138,139,30,c,68.46933333333332,-2.9006111111111106,17.3,12.5,SBbc,6,m,4508,38,1,15.87,0,39.3,14.7,0,40.9,1.12,15.6,15.06,0.1,-18.2,
139,140,30,d,68.52529166666666,-2.9435277777777773,15.4,10.2,S0,1,m,4666,49,0,16.76,0,22.9,15.05,0,32.8,1.53,16.19,15.69,0.1,-17.7,
140,141,31,a,74.79108333333332,-4.331055555555555,32.3,19.9,Sdm,10,m,4042,44,0,15.62,2,33.6,14.43,2,40.2,1.13,15.52,14.83,0.2,,N1741
141,142,31,b,74.77720833333332,-4.335666666666666,26.1,13.7,Sm,11,m,4171,43,0,15.35,2,31.5,14.73,2,30.2,0.7,15.09,14.31,0.2,,
142,143,31,c,74.78712499999999,-4.329305555555555,18.3,7.0,Im,12,m,4068,34,0,13.44,2,74.5,12.76,2,74.1,0.82,13.4,12.5,0.5,,Mk1089
143,144,31,d,74.78558333333332,-4.328388888888888,5.4,4.5,Sbc,6,,26900,65,0,18.53,0,10.6,17.06,0,13.2,1.34,17.86,17.27,0.1,,
144,145,32,a,74.87241666666665,-15.52022222222222,18.9,15.3,E2,0,,12547,38,0,14.72,4,62.5,13.23,2,73.5,1.44,14.3,13.8,0.7,-21.7,
145,146,32,b,74.85091666666666,-15.469888888888887,16.1,6.7,SB0,1,,12125,57,0,16.07,0,33.6,14.56,0,36.5,1.47,15.91,15.28,0.1,-20.2,
146,147,32,c,74.88654166666666,-15.501944444444442,13.7,8.7,S0a,2,,11984,49,1,17.12,2,20.9,15.23,4,28.5,1.73,16.6,16.0,0.7,-19.4,
147,148,32,d,74.87324999999998,-15.502166666666664,13.7,7.3,S0,1,,12313,52,1,17.59,4,12.3,15.76,2,16.7,1.76,17.33,16.74,0.2,-18.7,
148,149,33,a,76.97120833333332,17.957638888888887,11.1,10.1,E1,0,m,7570,41,0,16.89,4,21.8,13.69,1,67.9,2.34,16.15,15.35,0.2,,
149,150,33,b,76.96970833333333,17.968527777777776,15.9,10.0,E4,0,m,8006,21,0,16.94,4,19.5,13.69,1,70.3,2.31,16.21,15.41,0.2,,
150,151,33,c,76.95954166666665,17.95847222222222,23.3,6.7,Sd,9,m,7823,47,1,18.06,4,18.7,14.85,1,55.3,2.32,17.7,16.4,0.7,,
151,152,33,d,76.99441666666665,17.971999999999998,7.2,7.2,E0,0,,7767,37,0,18.42,4,8.6,15.37,4,27.9,2.2,17.53,16.73,0.2,,
152,153,34,a,79.76879166666666,6.640972222222222,19.6,16.1,E2,0,m,8997,31,0,14.89,4,61.2,12.23,2,130.3,2.11,14.9,14.2,0.5,,N1875
153,154,34,b,79.78537499999999,6.628777777777777,8.5,3.7,Sd,9,m,9620,40,0,17.41,4,22.2,14.77,2,45.0,2.11,17.6,16.56,0.2,,
154,155,34,c,79.78145833333332,6.634083333333332,11.2,5.8,SBd,9,m,9392,40,0,17.1,4,24.6,15.15,2,41.8,1.58,17.26,16.28,0.2,,
155,156,34,d,79.77637499999999,6.635805555555555,4.5,3.0,S0,1,,8817,66,1,18.29,4,13.2,15.64,2,28.5,2.08,18.4,17.57,0.2,,
156,157,35,a,130.49029166666665,44.70291666666666,14.4,6.1,S0,1,m,15919,38,0,16.24,1,24.7,14.46,1,34.7,1.69,16.03,15.56,0.2,-20.5,
157,158,35,b,130.48783333333333,44.69138888888888,15.8,13.7,E1,0,,16338,32,0,15.8,1,35.2,14.45,1,39.1,1.36,15.45,15.13,0.2,-21.0,
158,159,35,c,130.47870833333332,44.70991666666666,10.4,9.1,E1,0,,16357,39,0,16.36,1,23.3,14.05,1,51.7,1.91,16.01,15.69,0.2,-20.4,
159,160,35,d,130.48795833333332,44.72194444444444,11.6,5.0,Sb,5,,15798,40,0,17.13,4,19.5,16.18,4,39.4,1.89,17.42,16.81,0.2,-19.2,
160,161,35,e,130.48816666666664,44.68566666666666,5.9,3.5,S0,1,,16773,57,0,17.72,1,12.7,16.04,1,17.2,1.61,17.46,17.05,0.2,-19.1,
161,162,35,f,130.48879166666666,44.71555555555555,4.1,3.7,E1,0,,16330,62,0,18.71,4,9.9,16.42,4,24.8,1.86,18.44,18.12,0.2,-18.0,
162,163,36,a,136.64925,15.999444444444443,38.0,17.5,Sb,5,,3808,29,0,15.14,2,35.7,13.53,2,51.7,1.5,15.04,14.5,0.2,,I528 Mk1225 U4811
163,164,36,b,136.66562499999998,16.008555555555553,14.3,5.0,Sc,7,,6333,41,0,16.86,2,15.7,15.61,2,17.7,1.21,16.61,15.98,0.2,,
164,165,36,c,136.64004166666666,16.00933333333333,9.2,6.5,Scd,8,,8635,45,0,17.61,2,13.8,16.37,2,16.6,1.16,17.25,16.86,0.2,,
165,166,36,d,136.64820833333332,15.982555555555553,15.1,4.1,Sbc,6,,15668,62,0,17.85,2,13.4,16.23,2,17.4,1.51,17.8,17.08,0.2,,
166,167,37,a,137.66591666666665,30.19941666666666,51.9,8.6,E7,0,m,6745,20,0,13.92,1,67.0,12.05,1,94.5,1.79,13.23,12.97,0.2,-21.2,N2783 U4859
167,168,37,b,137.63733333333332,30.206666666666663,48.4,28.1,Sbc,6,m,6741,34,0,15.51,1,40.8,13.33,1,57.2,1.99,14.95,14.5,0.2,-19.7,U4856
168,169,37,c,137.656625,30.206499999999995,11.9,8.7,S0a,2,m,7357,41,0,16.51,1,24.2,14.44,1,38.4,1.76,15.93,15.57,0.2,-18.8,
169,170,37,d,137.6424583333333,30.22133333333333,12.0,9.5,SBdm,10,m,6207,50,1,16.41,0,26.1,15.87,0,23.8,0.51,16.21,15.87,0.2,-18.3,
170,171,37,e,137.64308333333332,30.246666666666663,9.1,9.1,E0,0,m,6363,20,0,17.01,0,18.7,15.97,0,23.8,1.02,16.47,16.21,0.1,,
171,172,38,a,141.2158333333333,12.487249999999998,22.1,8.6,Sbc,6,m,8760,75,0,16.13,0,27.4,14.53,0,31.6,1.55,15.83,15.25,0.1,,
172,173,38,b,141.2530833333333,12.505333333333331,30.0,17.6,SBd,9,m,8739,42,0,15.43,1,38.4,13.87,1,53.2,1.39,15.2,14.76,0.2,,U5044a
173,174,38,c,141.2568333333333,12.506055555555553,21.8,9.3,Im,12,m,8770,89,0,16.09,1,33.4,14.62,1,32.9,1.52,16.01,15.39,0.2,,U5044b
174,175,38,d,141.21425,12.519277777777775,13.1,5.5,SBa,3,,24282,62,0,17.3,0,17.1,15.53,0,21.5,1.69,17.15,16.6,0.2,,
175,176,39,a,141.7288333333333,-1.1261666666666665,10.5,8.2,Sb,5,,21119,52,0,17.42,1,18.7,15.74,1,20.5,1.76,16.94,16.58,0.2,-20.1,
176,177,39,b,141.73254166666663,-1.1299444444444442,7.9,5.6,S0,1,,21176,61,1,17.63,1,14.7,15.95,1,17.5,1.65,17.53,17.2,0.2,-19.5,
177,178,39,c,141.73641666666666,-1.1331666666666664,7.9,5.5,Sc,7,,20667,35,0,17.57,0,14.0,16.18,0,16.3,1.32,17.34,16.94,0.1,-19.7,
178,179,39,d,141.72662499999998,-1.120111111111111,7.0,4.7,S0,1,,21048,37,0,17.87,0,12.3,16.17,0,15.0,1.65,17.66,17.32,0.1,-19.3,
179,180,40,a,144.09591666666665,-4.622638888888888,32.9,24.3,E3,0,m,6628,27,0,14.09,1,65.3,12.18,1,94.1,1.75,13.7,13.44,0.2,-20.7,
180,181,40,b,144.10229166666664,-4.639666666666666,18.7,14.6,S0,1,m,6842,27,0,15.19,1,39.5,13.24,1,56.7,1.84,14.89,14.58,0.2,-19.6,
181,182,40,c,144.0945833333333,-4.632972222222222,36.9,9.6,Sbc,6,m,6890,21,0,15.82,1,36.5,13.66,1,58.2,2.0,15.88,15.15,0.2,-19.0,
182,183,40,d,144.10524999999998,-4.610944444444444,23.9,11.0,SBa,3,m,6492,21,0,15.2,1,41.0,13.54,1,53.8,1.56,15.06,14.53,0.2,-19.5,
183,184,40,e,144.1039583333333,-4.631333333333333,17.8,6.2,Sc,7,m,6625,49,0,17.36,1,17.8,15.41,1,27.4,1.84,17.32,16.69,0.2,,
184,185,41,a,148.61458333333331,45.46813888888888,35.2,9.6,Sab,4,,3751,27,0,14.7,0,37.7,13.16,0,46.4,1.49,14.59,13.88,0.1,,U5345
185,186,41,b,148.63616666666664,45.49733333333333,32.6,10.3,Sab,4,,7241,24,0,15.44,0,37.3,13.91,0,52.2,1.38,15.11,14.45,0.1,,U5346
186,187,41,c,148.58012499999998,45.47691666666666,16.9,7.9,Sb,5,,9717,40,0,16.63,0,20.2,15.31,0,23.4,1.28,16.36,15.84,0.1,,
187,188,41,d,148.67704166666664,45.46708333333333,8.3,4.7,S0,1,,4431,67,0,18.21,0,11.0,16.41,0,14.1,1.71,18.13,17.77,0.2,,
188,189,42,a,149.467875,-19.39597222222222,97.1,69.2,E3,0,m,3625,32,0,12.34,1,135.4,10.31,1,210.3,1.56,11.98,11.69,0.2,,N3091
189,190,42,b,149.54741666666663,-19.42133333333333,27.2,26.3,SB0,1,,4198,28,0,14.52,0,59.1,13.03,0,64.0,1.47,14.48,14.18,0.2,,
190,191,42,c,149.45183333333333,-19.381749999999997,21.8,17.9,E2,0,,4005,31,0,14.56,1,41.2,12.86,1,51.8,1.74,14.21,13.92,0.2,,
191,192,42,d,149.46291666666664,-19.432166666666664,13.3,10.7,E2,0,,4076,48,0,16.54,0,19.8,14.73,0,27.4,1.72,16.13,15.84,0.2,,
192,193,43,a,152.19199999999998,0.22377777777777774,21.1,8.1,Sb,5,,10163,38,0,15.94,0,27.0,14.4,0,32.9,1.48,15.69,15.13,0.1,-19.9,
193,194,43,b,152.14079166666664,0.2043333333333333,30.2,5.5,SBcd,8,m,10087,35,0,16.25,0,25.8,14.76,0,35.8,1.36,16.0,15.18,0.1,-19.9,
194,195,43,c,152.1619583333333,0.17908333333333332,15.0,8.3,SB0,1,m,9916,33,0,16.27,0,20.4,14.51,0,30.2,1.67,16.15,15.82,0.1,-19.2,
195,196,43,d,152.16345833333332,0.15966666666666665,8.9,8.0,Sc,7,,9630,37,0,17.35,0,15.5,15.98,0,16.9,1.34,17.08,16.82,0.1,-18.1,
196,197,43,e,152.16899999999998,0.19527777777777774,8.2,7.4,S0,1,,9636,68,0,17.8,0,14.9,15.79,0,22.1,1.82,17.4,17.2,0.5,-17.7,
197,198,43,f,152.186875,0.23841666666666664,21.2,5.9,Sbc,6,,19505,64,0,18.63,0,10.7,17.16,0,14.1,1.27,17.94,17.27,0.1,,
198,199,44,a,153.83599999999998,22.081916666666665,100.7,47.3,Sa,3,m,1293,24,0,12.43,3,130.5,11.14,3,141.4,1.28,11.99,11.52,0.05,-19.0,N3190 U5559
199,200,44,b,153.91479166666664,22.14355555555555,53.0,44.4,E2,0,m,1378,19,0,14.21,3,65.5,12.19,3,136.5,1.69,11.83,11.62,0.04,-19.1,N3193 U5562
200,201,44,c,153.72204166666666,21.938555555555553,56.8,33.4,SBc,7,m,1218,14,0,13.35,3,91.5,12.37,3,95.4,0.97,12.94,12.55,0.06,-17.9,N3185 U5554
201,202,44,d,153.76029166666663,22.12372222222222,67.7,27.4,Sd,9,m,1579,91,0,14.28,3,70.3,14.06,3,66.4,0.26,13.61,13.09,0.07,-17.9,N3187 U5556
202,203,45,a,153.96420833333332,59.38177777777777,41.4,13.5,Sa,3,m,21811,34,0,15.87,0,38.4,14.14,0,56.1,1.57,15.9,15.2,0.5,-21.5,U5564
203,204,45,b,153.92945833333332,59.356222222222215,11.4,9.4,S0a,2,,22195,29,0,16.95,0,21.3,15.33,0,23.2,1.59,17.59,17.24,0.1,-19.5,
204,205,45,c,153.9403333333333,59.33513888888888,12.5,2.9,Sc,7,,21799,72,0,18.34,0,11.5,16.78,0,13.1,1.4,18.4,17.6,0.7,-19.1,
205,206,45,d,153.97487499999997,59.38841666666666,8.5,5.2,S0,1,,20735,43,0,17.81,0,13.9,16.07,0,19.9,1.63,17.63,17.26,0.1,-19.4,
206,207,46,a,154.85162499999998,18.090777777777774,10.9,8.0,E3,0,m,8201,35,0,16.83,3,17.8,15.08,3,31.9,1.34,16.61,16.4,0.2,-18.2,
207,208,46,b,154.8755,18.106111111111108,9.5,7.8,S0,1,,8571,36,0,16.95,3,16.5,15.29,3,26.4,1.4,16.52,16.28,0.2,-18.4,
208,209,46,c,154.8744583333333,18.112416666666665,7.8,6.9,E1,0,,7906,42,0,16.81,3,14.9,15.17,3,24.5,1.39,16.34,16.13,0.2,-18.4,
209,210,46,d,154.89316666666664,18.13461111111111,12.5,7.5,SB0,1,,7703,33,0,16.81,3,19.1,15.02,3,27.1,1.68,16.41,16.11,0.2,-18.3,
210,211,47,a,155.7747083333333,13.971388888888887,26.3,17.9,SBb,5,m,9581,31,0,15.29,1,40.3,13.56,1,56.3,1.59,14.95,14.61,0.2,-20.3,U5644
211,212,47,b,155.78429166666663,13.98247222222222,17.9,12.8,E3,0,m,9487,32,0,16.28,1,25.7,14.26,1,37.0,1.86,15.88,15.67,0.2,-19.2,
212,213,47,c,155.78608333333332,14.007611111111109,9.2,8.3,Sc,7,,9529,50,0,17.58,1,18.5,16.33,1,18.2,1.1,16.87,16.63,0.2,-18.3,
213,214,47,d,155.78104166666665,14.003194444444443,13.7,10.7,Sd,9,,9471,56,0,17.16,1,21.8,15.99,1,27.1,1.11,16.5,16.2,0.7,-18.7,
214,215,48,a,158.8565833333333,-26.820305555555553,45.7,35.1,E2,0,m,3014,48,0,14.02,3,81.3,12.39,3,103.0,1.54,13.5,13.21,0.2,,I2597
215,216,48,b,158.86624999999998,-26.861527777777773,22.0,20.4,Sc,7,m,2385,51,0,15.11,3,44.1,14.26,3,41.6,0.87,14.95,14.63,0.2,,
216,217,48,c,158.8287083333333,-26.79755555555555,15.4,6.8,S0a,2,,4203,36,0,16.52,3,20.7,14.75,3,27.2,1.71,16.36,15.82,0.2,,
217,218,48,d,158.83304166666665,-26.783916666666663,8.8,7.5,E1,0,,3045,139,0,17.48,3,15.7,15.62,3,23.3,1.68,16.99,16.7,0.2,,
218,219,49,a,163.34629166666664,67.4523611111111,14.3,13.3,Scd,8,m,9939,36,0,16.32,1,21.6,14.92,1,40.0,1.04,16.19,15.87,0.2,-19.1,
219,220,49,b,163.3363333333333,67.44747222222222,13.2,8.7,Sd,9,m,9930,51,0,16.76,1,15.9,15.47,1,28.8,0.9,16.74,16.3,0.2,-18.7,
220,221,49,c,163.32583333333332,67.44841666666666,10.1,7.9,Im,12,m,9926,60,0,17.67,1,13.7,16.24,1,23.8,1.06,17.58,17.18,0.2,-17.8,
221,222,49,d,163.31229166666665,67.44524999999999,10.2,6.7,E5,0,m,10010,72,0,17.33,1,11.8,16.0,1,22.2,0.97,17.28,16.99,0.2,-18.0,
222,223,50,a,168.55987499999998,55.18977777777777,5.9,5.8,E0,0,,41870,118,0,19.08,1,9.2,16.2,1,23.1,2.17,18.7,18.4,0.5,-19.8,
223,224,50,b,168.5679583333333,55.19027777777777,8.2,4.4,SB0,1,,41170,111,0,19.15,1,9.0,16.46,1,19.6,2.14,18.9,18.5,0.7,-19.6,
224,225,50,c,168.5504583333333,55.19369444444444,4.5,4.1,S0,1,,41398,62,0,19.92,1,7.1,17.19,1,15.7,2.14,19.6,19.3,0.5,-18.9,
225,226,50,d,168.56054166666664,55.19633333333333,7.3,4.1,S0,1,,42546,62,0,19.83,1,7.1,17.02,1,15.8,2.25,19.5,19.2,0.7,-19.0,
226,227,50,e,168.57054166666666,55.192944444444436,4.3,2.9,S0,1,,41650,62,0,20.32,1,5.4,17.64,1,12.0,2.13,20.0,19.7,0.7,-18.5,
227,228,51,a,169.9482083333333,24.57308333333333,40.0,37.0,E1,0,,7696,34,0,14.49,1,58.5,12.68,1,79.0,1.68,14.08,13.89,0.2,-20.5,N3651 U6388
228,229,51,b,169.89795833333332,24.573638888888887,28.8,16.1,SBbc,6,,8183,62,0,15.69,0,26.1,13.78,0,49.1,1.51,15.67,15.28,0.1,-19.3,
229,230,51,c,169.96424999999996,24.553388888888886,34.4,22.9,S0,1,,8902,20,0,14.76,1,52.4,12.3,1,102.8,1.67,14.43,14.17,0.2,-20.6,N3653
230,231,51,d,169.96624999999997,24.57383333333333,16.4,14.9,Sa,3,,7529,35,0,15.81,1,30.3,12.97,1,74.1,1.47,15.4,15.18,0.2,-19.2,
231,232,51,e,169.8940833333333,24.590944444444442,20.3,16.5,E2,0,m,7700,23,0,15.41,0,40.7,13.87,0,41.2,1.55,15.0,14.81,0.2,-19.6,
232,233,51,f,169.9488333333333,24.567888888888884,17.0,8.5,S0,1,,7532,30,0,15.4,1,43.9,13.67,1,65.8,1.56,15.1,14.79,0.2,-19.6,
233,234,51,g,169.9562083333333,24.56933333333333,7.0,5.7,cI,13,,,,,16.34,1,19.7,15.03,1,22.5,1.27,15.92,15.73,0.2,-18.7,
234,235,52,a,170.92216666666664,21.371166666666664,24.9,14.3,SBab,4,,12979,38,0,15.54,0,38.9,13.88,0,47.9,1.57,15.28,14.9,0.1,,
235,236,52,b,170.91191666666666,21.381916666666665,21.0,4.7,Sc,7,,13040,73,0,16.83,0,21.2,15.24,0,25.3,1.53,16.37,15.66,0.2,,
236,237,52,c,170.92329166666664,21.32983333333333,23.8,7.9,Scd,8,,12630,61,0,16.68,0,23.7,15.41,0,28.9,1.17,16.26,15.69,0.2,,
237,238,52,d,170.91116666666665,21.363138888888887,8.2,6.1,Sdm,10,,6293,65,0,17.7,0,15.6,16.68,0,17.3,0.97,17.05,16.76,0.2,,
238,239,53,a,171.55420833333332,21.070916666666665,69.6,23.4,SBbc,6,,6261,31,0,13.87,0,75.3,12.52,0,86.3,1.3,13.48,12.91,0.2,,N3697 U6479
239,240,53,b,171.5944583333333,21.015055555555552,24.5,14.3,S0,1,m,6166,81,0,15.11,1,35.2,13.44,1,46.9,1.57,15.01,14.73,0.2,,
240,241,53,c,171.58837499999998,21.025638888888885,19.5,12.0,SBd,9,m,6060,50,0,15.26,1,37.9,14.22,1,43.6,1.0,15.17,14.81,0.2,,Mk1296
241,242,53,d,171.65599999999998,21.049249999999997,14.8,8.2,Sc,7,,9070,174,2,16.78,0,21.5,15.44,0,26.6,1.22,16.66,16.27,0.1,,
242,243,54,a,171.658,20.85922222222222,11.6,11.6,Sdm,10,m,1397,46,0,14.16,1,44.9,13.94,1,63.2,0.88,14.05,13.86,0.2,,I700 U6487
243,244,54,b,171.6533333333333,20.857138888888887,5.7,3.9,Im,12,m,1412,33,0,16.38,1,22.7,15.55,1,28.7,0.7,16.43,16.08,0.2,,
244,245,54,c,171.66254166666664,20.86211111111111,4.8,4.4,Im,12,m,1420,35,0,17.05,1,20.5,16.24,1,26.1,0.65,17.0,16.8,0.7,,
245,246,54,d,171.66354166666665,20.86425,5.4,2.5,Im,12,,1670,50,0,18.26,1,11.9,17.85,1,13.1,0.53,18.54,18.02,0.2,,
246,247,55,a,172.28516666666664,71.0915,13.2,12.9,E0,0,,15820,100,0,16.25,1,23.1,14.36,1,38.8,1.67,15.71,15.43,0.2,-20.6,U6514
247,248,55,b,172.27912499999996,71.0826111111111,7.9,7.0,S0,1,,15690,100,0,16.88,1,15.9,15.0,1,26.1,1.68,16.37,16.06,0.2,-20.0,U6514
248,249,55,c,172.2799583333333,71.08705555555555,17.2,11.3,E3,0,m,15480,100,0,17.43,1,18.8,15.31,1,32.8,1.83,16.88,16.6,0.2,-19.4,U6514
249,250,55,d,172.28491666666665,71.09744444444443,8.2,6.6,E2,0,,16070,100,0,17.63,1,12.6,15.62,1,20.5,1.81,17.09,16.81,0.2,-19.2,U6514
250,251,55,e,172.28787499999999,71.0948611111111,6.6,5.0,Sc,7,,36880,100,0,18.03,1,15.3,16.52,1,18.7,1.35,17.44,17.06,0.2,,U6514
251,252,56,a,172.5077083333333,53.21708333333333,27.9,7.0,Sc,7,m,8245,35,0,16.36,0,24.3,14.81,0,27.1,1.51,15.96,15.24,0.2,-19.4,Mk176
252,253,56,b,172.4817083333333,53.22666666666666,17.1,10.4,SB0,1,m,7919,38,0,15.0,1,33.6,13.52,1,41.2,1.43,14.83,14.5,0.2,-20.0,U6257
253,254,56,c,172.4659583333333,53.223722222222214,18.4,14.0,S0,1,m,8110,28,0,15.87,1,23.7,14.27,1,30.7,1.52,15.66,15.37,0.2,-19.2,U6257
254,255,56,d,172.4600833333333,53.223388888888884,12.5,7.9,S0,1,m,8346,56,0,17.01,1,18.7,15.32,1,24.4,1.62,16.84,16.52,0.2,-18.1,U6257
255,256,56,e,172.44937499999997,53.2153611111111,12.5,9.5,S0,1,m,7924,63,0,16.54,0,20.3,15.19,0,29.3,1.2,16.52,16.23,0.1,-18.3,
256,257,57,a,173.82191666666665,22.257749999999998,51.5,19.1,Sb,5,m,8727,31,0,14.66,1,56.6,12.74,1,81.1,1.73,14.52,13.99,0.2,-20.7,N3753 U6602a
257,258,57,b,173.7797083333333,22.286222222222218,30.0,18.9,SBb,5,m,9022,20,0,15.15,0,43.5,13.45,0,53.7,1.55,14.67,14.32,0.2,-20.5,N3746 U6597
258,259,57,c,173.8134583333333,22.250749999999996,27.4,21.0,E3,0,m,9081,36,0,15.23,1,35.1,13.52,1,49.1,1.57,14.82,14.63,0.2,-20.2,N3750
259,260,57,d,173.8275,22.26255555555555,17.3,15.5,SBc,7,m,8977,41,0,15.2,1,44.3,14.06,1,47.4,1.26,14.74,14.51,0.2,-20.3,N3754
260,261,57,e,173.80262499999998,22.302666666666664,18.0,9.1,S0a,2,m,8992,105,0,15.91,0,43.5,14.1,0,36.5,1.71,15.76,15.37,0.1,-19.4,N3748
261,262,57,f,173.8232083333333,22.212999999999997,20.8,12.0,E4,0,m,9594,105,0,15.23,0,48.0,14.07,0,53.8,1.07,15.41,15.22,0.1,-19.7,N3751
262,263,57,g,173.7835833333333,22.29772222222222,13.4,7.9,SB0,1,m,9416,105,0,16.35,0,16.4,14.56,0,14.6,1.65,16.12,15.84,0.1,-19.0,N3745
263,264,57,h,173.80899999999997,22.288777777777774,10.0,8.5,SBb,5,,,,,17.38,0,16.7,15.75,0,20.6,1.53,16.99,16.75,0.1,-18.1,
264,265,58,a,174.90129166666665,10.55511111111111,36.7,24.0,Sb,5,m,6138,20,0,14.28,3,58.2,12.97,3,55.7,1.31,13.89,13.56,0.2,-20.4,N3822 U6661
265,266,58,b,174.95341666666664,10.541638888888887,40.1,32.3,SBab,4,,6503,17,0,14.1,3,74.6,12.52,3,76.1,1.57,13.66,13.4,0.2,-20.7,N3825 U6668
266,267,58,c,174.8265833333333,10.58147222222222,30.6,22.4,SB0a,2,m,6103,19,0,14.51,3,55.3,13.24,3,55.0,1.27,14.11,13.83,0.2,-20.1,N3817 U6657
267,268,58,d,174.8797083333333,10.628277777777777,28.4,25.0,E1,0,m,6270,27,0,15.14,3,43.1,13.62,3,48.8,1.48,14.67,14.49,0.2,-19.5,N3819
268,269,58,e,174.87524999999997,10.661277777777777,23.2,14.1,Sbc,6,m,6052,33,0,15.59,3,32.5,14.33,3,37.4,1.2,15.21,14.86,0.2,-19.1,N3820
269,270,59,a,176.4704583333333,13.005277777777776,17.7,16.3,Sa,3,m,4109,31,0,14.96,0,38.1,13.48,0,53.4,1.38,14.73,14.52,0.1,-18.6,I736
270,271,59,b,176.43979166666665,12.994083333333332,15.0,14.4,E0,0,m,3908,58,0,15.92,1,29.1,14.22,1,42.2,1.55,15.38,15.2,0.2,-17.8,
271,272,59,c,176.49116666666663,12.983194444444443,24.7,7.0,Sc,7,,4347,38,0,16.04,1,32.8,15.05,1,32.6,1.03,15.0,14.4,0.5,-18.8,
272,273,59,d,176.4838333333333,13.007749999999998,17.7,11.5,Im,12,m,3866,36,0,16.29,1,28.0,15.21,1,38.5,0.77,16.17,15.8,0.2,-17.3,1737
273,274,59,e,176.43699999999998,13.035305555555553,12.8,6.3,Scd,8,,23700,240,0,17.76,1,16.8,16.06,0,20.8,1.58,17.0,16.6,0.5,,
274,275,60,a,180.14262499999998,51.95341666666666,17.3,13.4,E2,0,,19007,46,0,16.08,0,31.6,14.14,1,45.5,1.76,15.27,15.04,0.2,-21.4,
275,276,60,b,180.09899999999996,51.97347222222221,11.3,7.0,E4,0,m,18318,90,1,17.24,0,18.9,15.37,0,26.7,1.69,16.2,16.0,0.5,-20.4,
276,277,60,c,180.14166666666665,51.963583333333325,11.1,7.8,SBc,7,,19277,180,0,17.39,1,19.9,15.63,1,27.4,1.6,16.51,16.16,0.2,-20.4,
277,278,60,d,180.15354166666665,51.956333333333326,9.4,6.7,S0,1,,18300,154,1,17.2,1,19.5,15.41,1,26.8,1.61,16.45,16.16,0.2,-20.2,
278,279,61,a,182.44416666666663,29.45783333333333,54.3,33.7,S0a,2,m,3784,18,0,13.2,0,89.7,11.67,0,101.1,1.5,13.15,12.82,0.1,,N4169 U7202
279,280,61,b,182.45129166666663,29.48983333333333,103.7,27.1,Im,12,,1127,20,0,13.73,1,91.3,12.81,1,98.8,0.94,13.36,12.59,0.2,,N4173 U7204
280,281,61,c,182.4959583333333,29.446555555555552,51.8,15.5,Sbc,6,m,3956,20,0,14.31,0,57.4,12.71,0,68.0,1.56,14.14,13.53,0.1,,N4175 U7211
281,282,61,d,182.47849999999997,29.427138888888884,25.6,13.7,S0,1,m,3980,30,0,14.48,0,38.7,13.05,0,45.6,1.4,14.42,14.12,0.1,,N4174 Mk761 U7206
282,283,62,a,192.62374999999997,-8.93325,52.3,34.3,E3,0,m,4355,38,0,13.79,1,59.9,11.25,1,129.3,2.0,13.58,13.36,0.2,-19.8,
283,284,62,b,192.61799999999997,-8.927555555555553,44.2,33.3,S0,1,,3651,41,0,14.21,1,42.9,12.04,1,99.9,1.71,14.03,13.76,0.2,-19.1,
284,285,62,c,192.64083333333332,-8.926777777777776,24.6,12.3,S0,1,m,4359,37,0,15.0,1,40.2,13.59,1,31.9,1.45,14.91,14.57,0.2,-18.6,
285,286,62,d,192.62758333333332,-8.986777777777776,19.9,16.8,E2,0,,4123,76,0,16.3,0,19.7,14.11,0,52.8,1.71,16.03,15.81,0.1,-17.3,
286,287,63,a,194.88599999999997,-32.493694444444436,33.0,7.9,SBbc,6,,5228,29,0,15.03,3,44.4,13.49,3,57.8,1.43,14.8,13.97,0.2,,
287,288,63,b,194.84304166666664,-32.51877777777777,41.7,22.3,SBc,7,m,9346,29,0,14.47,3,60.4,14.07,3,59.5,0.41,13.82,13.27,0.2,,
288,289,63,c,194.86724999999998,-32.49861111111111,16.6,14.9,SBc,7,,9460,112,0,15.66,3,34.8,14.54,3,36.6,1.1,15.27,14.9,0.2,,
289,290,63,d,194.83154166666665,-32.506499999999996,8.9,6.6,Sc,7,m,9141,133,0,17.51,3,15.3,16.44,3,20.7,0.83,17.23,16.79,0.2,,
290,291,64,a,200.79112499999997,-3.6042222222222215,39.9,13.4,SBc,7,m,10596,46,0,15.58,1,41.2,13.89,1,90.8,1.48,15.3,14.7,0.5,,
291,292,64,b,200.7817083333333,-3.5931388888888884,26.9,15.3,Scd,8,m,10723,32,0,16.74,1,20.6,15.06,1,71.3,1.42,16.25,15.84,0.2,,
292,293,64,c,200.76766666666663,-3.554833333333333,20.7,17.1,Sd,0,,6147,76,0,15.6,5,16.0,15.1,5,85.0,0.8,14.9,14.7,0.5,,
293,294,64,d,200.77824999999999,-3.5901666666666663,6.2,4.1,S0,1,,11100,89,0,17.98,1,11.8,16.36,1,65.1,1.42,17.48,17.19,0.2,,
294,295,65,a,201.76233333333332,-29.256777777777774,37.0,26.8,E3,0,m,14105,44,0,14.67,0,57.7,12.88,1,77.2,1.59,14.03,13.71,0.1,-22.1,
295,296,65,b,201.77887499999997,-29.239416666666664,27.4,11.9,S0,1,,14700,55,1,15.49,1,42.2,14.16,1,47.8,1.63,15.01,14.54,0.2,-21.3,
296,297,65,c,201.77241666666663,-29.234027777777772,19.0,14.8,E2,0,m,14243,46,0,15.79,1,34.8,13.7,1,58.0,1.66,15.15,14.83,0.2,-20.9,
297,298,65,d,201.7674583333333,-29.25519444444444,10.0,7.0,E3,0,m,13733,27,0,15.94,1,34.9,13.93,1,48.4,1.77,15.26,14.94,0.2,-20.8,
298,299,65,e,201.78129166666665,-29.233638888888883,4.5,4.5,E0,0,m,14405,107,0,17.01,1,23.4,15.66,1,27.2,1.43,15.37,15.05,0.2,-20.8,
299,300,66,a,204.2015833333333,57.5656111111111,13.4,11.6,E1,0,,20688,36,0,16.15,1,26.6,14.15,1,43.9,1.78,15.58,15.38,0.2,-21.2,
300,301,66,b,204.21062499999996,57.56572222222221,12.8,5.9,S0,1,,21472,64,0,17.27,1,18.5,15.39,1,28.9,1.68,16.84,16.5,0.2,-20.2,
301,302,66,c,204.18816666666663,57.56155555555555,9.6,4.7,S0,1,,20801,74,0,17.16,1,15.8,15.32,1,24.4,1.67,16.72,16.39,0.2,-20.2,
302,303,66,d,204.18533333333332,57.55769444444444,5.0,4.2,E2,0,,20850,76,0,18.22,1,10.5,16.26,1,16.8,1.76,17.65,17.45,0.2,-19.2,
303,304,67,a,206.64074999999997,-6.976055555555555,58.8,54.4,E1,0,m,7262,26,0,13.43,1,86.9,11.73,1,115.5,1.59,12.97,12.74,0.2,-21.6,
304,305,67,b,206.59162499999996,-6.9474166666666655,68.4,12.3,Sc,7,m,7644,45,0,15.26,0,48.1,14.64,0,42.2,1.75,14.71,13.89,0.2,-20.5,
305,306,67,c,206.64574999999996,-6.961333333333332,19.9,14.4,Scd,8,m,7430,45,0,15.83,1,38.7,14.21,1,39.9,1.3,15.4,15.06,0.2,-19.3,
306,307,67,d,206.63437499999998,-6.98361111111111,16.5,9.8,S0,1,m,7071,43,0,15.94,1,30.2,13.28,1,72.6,1.6,15.57,15.25,0.2,-19.0,
307,308,68,a,207.83162499999997,40.52847222222222,77.4,59.9,S0,1,m,2162,27,0,12.04,1,112.3,10.19,1,197.3,1.63,12.08,11.84,0.08,-19.8,N5353 U8813
308,309,68,b,207.83208333333332,40.547999999999995,86.4,71.1,E2,0,m,2635,23,0,12.52,1,114.3,10.56,1,234.1,1.63,12.44,12.24,0.06,-19.9,N5354 U8814
309,310,68,c,207.8117083333333,40.608888888888885,76.7,61.9,SBbc,6,m,2313,38,0,12.11,2,134.3,10.9,2,166.4,1.1,12.2,11.93,0.2,-19.9,N5350 Mk1485 U8810
310,311,68,d,207.91162499999996,40.58347222222222,31.1,21.8,E3,0,m,2408,29,0,14.27,0,52.8,12.97,0,54.4,1.3,13.93,13.73,0.1,-18.2,N5355 U8819
311,312,68,e,207.97029166666664,40.51855555555555,35.2,15.5,S0,1,,2401,27,0,14.74,0,43.7,13.27,0,56.4,1.4,14.56,14.22,0.1,-17.7,N5358 U8826
312,313,69,a,208.29637499999998,25.318277777777773,47.5,11.1,Sc,7,m,8856,48,0,15.93,1,39.4,14.19,1,53.7,1.57,15.66,14.94,0.2,-19.8,U8842
313,314,69,b,208.3153333333333,25.293944444444442,14.8,11.3,SBb,5,m,8707,36,0,16.09,0,23.8,14.52,0,31.1,1.49,15.9,15.59,0.1,-19.1,
314,315,69,c,208.30791666666664,25.31866666666666,13.4,11.0,S0,1,,8546,44,0,15.93,1,25.0,14.36,1,32.1,1.45,15.19,14.94,0.2,-19.7,U8842
315,316,69,d,208.2900833333333,25.31797222222222,10.8,7.0,SB0,1,,9149,55,0,17.04,1,18.1,15.4,1,24.1,1.51,16.35,16.06,0.2,-18.8,U8842
316,317,70,a,210.4964583333333,33.57619444444444,35.0,7.0,S0a,2,,8238,25,0,15.3,1,30.3,13.66,1,37.6,1.6,15.21,14.5,0.2,,I4371 U8990
317,318,70,b,210.49949999999998,33.54644444444444,22.7,15.5,SBa,3,,8198,47,0,15.26,0,35.5,13.71,0,42.4,1.51,15.1,14.75,0.1,,I4369
318,319,70,c,210.53979166666664,33.56005555555555,25.6,7.3,Sbc,6,,8079,48,0,16.17,0,26.5,14.85,0,30.5,1.27,15.69,15.03,0.2,,
319,320,70,d,210.4958333333333,33.58441666666666,11.1,9.1,Sc,7,,18846,49,0,16.24,1,23.2,14.81,1,27.6,1.38,15.71,15.42,0.2,-21.0,I4370
320,321,70,e,210.47862499999997,33.55936111111111,12.8,11.9,Sbc,6,,19117,55,0,16.32,0,24.1,15.06,0,26.4,1.24,16.16,15.91,0.1,-20.5,
321,322,70,f,210.47224999999997,33.56769444444444,7.9,6.4,SBb,5,,19243,130,0,17.25,0,17.4,16.36,0,18.2,0.88,16.69,16.4,0.2,-20.0,
322,323,70,g,210.4544583333333,33.570388888888886,7.2,6.4,Sa,3,,19010,90,0,16.43,0,16.7,14.93,0,24.3,1.39,16.65,16.39,0.1,-20.0,
323,324,71,a,212.16866666666664,25.73158333333333,31.5,25.8,SBc,7,,9320,17,0,14.57,0,53.4,13.28,0,57.9,1.27,14.05,13.75,0.2,,I4381 U9073
324,325,71,b,212.1915833333333,25.75447222222222,18.1,5.4,Sb,5,m,9335,65,0,15.56,0,22.6,14.21,0,25.8,1.33,15.55,14.9,0.1,,14382
325,326,71,c,212.2024583333333,25.717361111111106,13.7,9.9,SBc,7,,8450,76,1,16.43,0,25.2,15.44,0,26.0,0.97,15.9,15.56,0.1,,
326,327,71,d,212.21541666666664,25.692472222222218,7.9,5.4,S0,1,,20590,103,1,17.18,0,14.9,15.41,0,20.0,1.69,17.22,16.92,0.1,,
327,328,72,a,221.39654166666665,19.284527777777775,15.1,6.0,Sa,3,,12506,36,0,16.28,0,20.3,14.56,0,26.1,1.66,14.43,13.86,0.2,-21.6,
328,329,72,b,221.4023333333333,19.26797222222222,15.7,6.7,S0,1,m,12356,38,0,16.14,1,27.4,14.43,1,37.7,1.57,15.88,15.48,0.2,-20.0,U9532
329,330,72,c,221.4107083333333,19.252499999999998,11.1,8.8,E2,0,m,13062,40,0,16.12,1,30.3,14.44,1,40.6,1.54,15.72,15.47,0.2,-20.1,
330,331,72,d,221.40616666666665,19.264527777777776,12.0,7.4,SB0,1,m,12558,45,0,16.3,1,26.6,14.32,1,37.2,1.86,15.98,15.64,0.2,-19.9,
331,332,72,e,221.40399999999997,19.258916666666664,7.4,7.4,Scd,8,,24050,288,1,18.56,1,13.6,17.2,1,16.1,1.19,18.0,17.8,0.5,,
332,333,72,f,221.40295833333332,19.255277777777774,9.1,6.0,S0,1,,13950,103,0,18.59,1,10.6,17.03,1,13.5,1.41,18.25,17.93,0.2,,
333,334,73,a,225.12104166666663,23.527916666666663,41.5,30.8,Scd,8,,5728,43,0,14.14,0,76.3,12.93,0,89.2,1.13,13.68,13.3,0.1,,N5829 U9673
334,335,73,b,225.10524999999996,23.544361111111108,11.4,8.7,Im,12,m,13600,107,0,17.02,0,22.7,14.59,0,40.1,2.11,16.61,16.22,0.1,,
335,336,73,c,225.1539583333333,23.553749999999997,7.2,5.9,S0,1,,13300,75,0,17.0,0,16.2,15.1,0,26.7,1.7,16.94,16.63,0.1,,
336,337,73,d,225.0777083333333,23.563916666666664,9.4,3.0,Sb,5,,13480,103,0,18.66,0,9.9,16.13,0,16.9,2.25,18.22,17.55,0.1,,
337,338,73,e,225.0762083333333,23.52222222222222,9.1,5.4,Sd,9,,28500,109,1,17.92,0,12.2,16.65,0,14.1,1.2,17.52,17.07,0.2,,
338,339,74,a,229.2945833333333,21.076138888888885,24.7,23.0,E1,0,m,12255,30,0,14.96,1,48.1,12.75,1,88.1,1.9,14.35,14.06,0.2,-21.4,
339,340,74,b,229.2923333333333,21.070388888888886,18.5,12.9,E3,0,,12110,43,0,15.97,1,28.2,13.79,1,51.0,1.88,15.36,15.07,0.2,-20.4,
340,341,74,c,229.29987499999996,21.079527777777773,13.5,9.0,S0,1,,12266,43,0,17.0,1,17.9,14.89,1,32.1,1.83,16.46,16.1,0.2,-19.4,
341,342,74,d,229.32416666666663,21.063055555555554,9.8,7.9,E2,0,,11681,42,0,17.06,0,17.4,15.02,0,28.2,1.85,16.61,16.32,0.1,-19.0,
342,343,74,e,229.3075833333333,21.08847222222222,5.9,3.8,S0,1,,11489,97,0,18.6,0,8.4,16.54,0,15.3,1.79,18.17,17.8,0.1,,
343,344,75,a,229.81949999999998,21.368611111111107,21.9,16.0,E4,0,m,12538,42,0,15.32,1,36.9,13.49,1,50.1,1.96,15.5,15.2,0.5,-20.3,
344,345,75,b,229.81924999999995,21.371,19.0,5.2,Sb,5,m,12228,43,0,17.93,1,14.8,15.36,1,26.9,1.96,15.6,14.9,0.7,-20.6,
345,346,75,c,229.85429166666663,21.35522222222222,10.5,7.0,S0,1,,12292,56,0,16.67,1,25.4,15.1,1,27.2,1.54,16.29,15.93,0.2,-19.5,
346,347,75,d,229.84774999999996,21.35975,9.8,5.4,Sd,9,m,12334,42,0,16.7,1,21.0,15.4,1,21.8,1.3,16.32,15.82,0.2,-19.7,
347,348,75,e,229.83466666666664,21.35722222222222,12.1,5.5,Sa,3,m,12300,300,0,17.1,0,15.1,15.33,0,19.2,1.71,16.93,16.36,0.1,-19.1,
348,349,75,f,229.81704166666663,21.363749999999996,6.3,5.2,S0,1,m,13080,67,1,17.33,1,13.1,15.57,1,19.0,1.76,16.99,16.66,0.2,-19.0,
349,350,76,a,232.33666666666664,7.476472222222221,24.0,6.3,Sa,3,,10054,34,0,16.01,0,24.2,14.14,0,33.7,1.79,15.84,15.08,0.1,-20.0,N5944
350,351,76,b,232.30629166666662,7.507499999999999,20.4,16.4,E2,0,m,10002,30,0,15.23,1,41.1,13.54,1,57.2,1.56,14.74,14.44,0.2,-20.6,
351,352,76,c,232.29216666666665,7.480888888888888,21.2,20.2,E0,0,,10663,29,0,15.63,0,37.1,13.48,0,67.0,1.86,15.03,14.73,0.1,-20.4,N5941
352,353,76,d,232.31391666666664,7.4554166666666655,17.3,14.8,E1,0,,10150,33,0,16.15,0,28.5,14.08,0,41.5,1.92,15.51,15.21,0.1,-19.8,N5942
353,354,76,e,232.34762499999997,7.479694444444443,8.2,7.4,SB0,1,,10328,52,0,17.35,0,15.9,15.71,0,20.1,1.55,16.96,16.65,0.1,-18.4,
354,355,76,f,232.3022083333333,7.5041666666666655,14.2,9.6,S0,1,m,10216,90,0,17.27,1,20.2,15.71,1,27.1,1.45,16.84,16.48,0.2,-18.6,
355,356,76,g,232.2874583333333,7.518194444444443,36.1,6.4,Sc,7,,9843,81,0,17.65,0,15.7,16.06,0,19.0,1.45,17.3,16.4,0.7,-18.6,
356,357,77,a,236.7748333333333,21.969999999999995,26.0,18.4,S0,1,,10508,56,0,16.38,1,24.4,14.53,1,47.8,1.57,16.14,15.75,0.2,,U10049
357,358,77,b,236.7744583333333,21.974277777777775,22.1,13.7,S0,1,,10690,69,0,16.62,1,20.2,14.64,1,44.5,1.7,16.41,15.99,0.2,,U10049
358,359,77,c,236.77316666666664,21.982305555555552,32.4,16.1,Im,12,,2200,76,0,16.03,1,29.7,15.02,1,34.3,1.06,15.79,15.15,0.2,,U10049
359,360,77,d,236.77554166666664,21.979388888888884,11.2,7.7,Im,12,,2250,63,0,17.42,1,14.5,16.58,1,17.8,0.51,17.04,16.54,0.2,,U10049
360,361,78,a,237.01954166666664,68.37199999999999,41.6,18.5,SBb,5,,8599,31,0,15.01,0,51.1,12.49,0,64.4,1.42,14.87,14.35,0.2,,U10057
361,362,78,b,236.98179166666662,68.35822222222221,23.0,7.2,S0,1,,9544,30,0,15.12,0,25.2,13.66,0,34.7,1.41,15.05,14.61,0.1,,
362,363,78,c,237.12262499999997,68.3448611111111,15.3,4.2,S0,1,,18200,281,1,18.25,0,15.4,15.73,0,24.1,2.18,18.06,17.59,0.2,,
363,364,78,d,237.08549999999997,68.38772222222221,14.6,9.3,Sm,11,,10000,187,1,17.23,0,20.7,16.13,0,24.2,0.98,16.61,16.19,0.1,,
364,365,79,a,239.24829166666663,20.89533333333333,50.2,48.6,E0,0,m,4292,35,0,15.12,1,44.7,13.46,1,50.5,1.6,14.7,14.35,0.2,-18.8,N6027 U10116
365,366,79,b,239.2533333333333,20.904277777777775,60.5,44.1,S0,1,m,4446,25,0,14.55,1,43.0,13.07,1,46.9,1.44,14.19,13.78,0.2,-19.3,N6027 U10116
366,367,79,c,239.24641666666665,20.90272222222222,40.3,26.1,S0,1,m,4146,50,0,15.48,1,33.8,14.21,1,35.7,1.27,15.15,14.72,0.2,-18.5,N6027 U10116
367,368,79,d,239.25074999999995,20.887638888888887,28.1,12.3,Sdm,10,m,4503,43,0,16.89,1,23.5,16.74,1,16.1,0.85,16.51,15.87,0.2,-17.4,N6027 U10116
368,369,79,e,239.2554583333333,20.900416666666665,11.1,8.6,Scd,8,,19809,50,0,16.61,1,25.1,15.31,1,26.5,1.32,16.31,15.87,0.2,,N6027 U10116
369,370,80,a,239.7112083333333,65.37269444444443,25.4,5.4,Sd,9,m,8963,45,0,15.66,0,25.4,14.25,0,29.8,1.38,15.54,14.76,0.1,-20.0,
370,371,80,b,239.72141666666664,65.36299999999999,10.2,8.7,Sa,3,,9584,39,0,16.52,0,22.4,14.97,0,26.9,1.49,16.21,15.92,0.1,-19.0,
371,372,80,c,239.66241666666664,65.37383333333332,9.8,8.2,Im,12,m,9550,37,0,16.23,0,21.0,15.24,0,26.6,0.89,16.15,15.83,0.1,-19.1,
372,373,80,d,239.68191666666664,65.36222222222221,13.6,5.4,Im,12,,9108,54,0,17.01,0,19.6,16.19,0,19.1,0.84,16.82,16.18,0.1,-18.6,
373,374,81,a,243.97341666666662,12.92372222222222,11.9,4.6,Sc,7,,14676,46,0,17.11,0,14.2,15.59,0,17.9,1.46,16.98,16.25,0.1,-19.6,U10319
374,375,81,b,243.9749583333333,12.909749999999999,11.7,5.4,S0,1,,15150,94,0,17.11,1,15.1,15.59,1,27.5,1.85,17.04,16.51,0.2,-19.4,U10319
375,376,81,c,243.97849999999997,12.914027777777775,12.6,6.8,S0,1,m,15050,96,0,17.78,1,14.1,15.63,1,24.6,1.89,17.68,17.18,0.2,-18.7,U10319
376,377,81,d,243.97724999999997,12.91647222222222,7.8,6.9,S0a,2,m,14954,91,0,17.74,1,12.5,15.61,1,22.8,1.87,17.57,17.14,0.2,-18.8,U10319
377,378,82,a,246.61879166666662,32.958611111111104,24.8,16.9,E3,0,m,11177,30,0,14.94,0,47.7,12.83,0,96.1,1.71,14.51,14.14,0.1,-21.1,N6162 U10403
378,379,82,b,246.6420833333333,32.95513888888888,24.8,14.7,SBa,3,m,10447,37,0,15.41,0,40.3,13.66,0,49.9,1.67,15.18,14.62,0.1,-20.5,N6163
379,380,82,c,246.6108333333333,32.92027777777777,24.5,8.5,Im,12,m,10095,38,0,15.74,0,32.9,14.53,0,34.0,1.21,15.61,14.78,0.1,-20.3,N6161
380,381,82,d,246.59549999999996,32.922666666666665,14.7,5.7,S0a,1,,11685,46,0,16.72,0,17.1,15.15,0,19.6,1.55,16.61,15.95,0.1,-19.4,
381,382,83,a,248.2892083333333,6.366944444444443,7.9,7.9,E0,0,,15560,60,0,16.83,0,16.9,14.9,0,27.8,1.76,16.45,15.99,0.1,-20.0,
382,383,83,b,248.30562499999996,6.363888888888888,8.9,7.0,E2,0,,16442,69,0,17.04,1,18.1,15.07,1,28.9,1.75,16.5,16.04,0.2,-20.1,
383,384,83,c,248.3179583333333,6.380472222222221,7.8,4.2,Scd,8,,16520,133,0,17.52,0,13.0,16.29,0,15.5,1.16,17.37,16.7,0.1,-19.4,
384,385,83,d,248.30912499999997,6.360527777777777,3.7,3.0,Sd,9,,15500,133,1,19.09,1,7.6,18.05,1,8.3,1.04,18.44,17.91,0.2,-18.1,
385,386,83,e,248.29687499999997,6.374833333333332,2.9,2.5,S0,1,,15560,160,2,19.44,0,6.6,17.51,0,10.5,1.69,18.9,18.4,0.5,-17.6,
386,387,84,a,251.68312499999996,77.92744444444443,17.8,14.7,E2,0,m,16654,61,0,15.77,1,32.7,13.99,1,46.1,1.64,14.96,14.66,0.2,-21.5,
387,388,84,b,251.64829166666664,77.94741666666665,14.4,6.4,S0,1,,16554,73,0,16.86,0,17.6,14.97,0,25.7,1.77,16.54,16.1,0.1,-20.0,
388,389,84,c,251.71399999999997,77.91883333333332,14.9,7.4,Sa,3,,16353,71,0,16.82,1,21.7,15.09,1,29.8,1.6,16.21,15.67,0.2,-20.4,
389,390,84,d,251.59929166666663,77.94566666666665,8.2,4.6,S0,1,,16800,92,0,17.54,0,12.8,15.89,0,15.6,1.66,17.2,16.8,0.1,-19.4,
390,391,84,e,251.70237499999996,77.92672222222221,4.6,4.6,E0,0,,16950,81,0,18.0,1,13.8,16.28,1,18.3,1.62,17.19,16.89,0.2,-19.3,
391,392,84,f,251.5423333333333,77.9378611111111,6.1,6.1,E0,0,,32500,100,0,18.42,0,12.4,16.23,0,20.7,1.9,17.22,16.92,0.2,,
392,393,85,a,282.8415416666666,73.28974999999998,16.0,14.7,E1,0,m,11155,38,0,15.77,1,28.7,13.73,1,51.0,1.82,15.47,15.12,0.2,,
393,394,85,b,282.874875,73.28352777777776,13.1,12.3,E1,0,,12122,36,0,16.26,1,23.7,14.24,1,40.0,1.82,15.97,15.62,0.2,,
394,395,85,c,282.8884166666666,73.29605555555554,9.0,4.1,S0,1,,11912,47,0,17.65,0,10.3,15.69,0,15.8,1.85,17.47,16.98,0.1,,
395,396,85,d,282.91599999999994,73.28738888888888,6.7,6.4,E0,0,,11900,96,0,18.12,0,11.8,16.08,0,21.6,1.72,17.36,17.01,0.1,,
396,397,86,a,297.2494583333333,-30.95297222222222,25.4,20.3,E2,0,m,6174,39,0,14.63,0,49.4,12.23,0,122.6,1.92,14.3,13.68,0.1,,
397,398,86,b,297.2084583333333,-30.945222222222217,22.1,16.6,E2,0,m,6196,45,0,15.13,0,39.0,13.0,0,68.3,1.92,14.8,14.18,0.1,,
398,399,86,c,297.20104166666664,-30.98591666666666,17.2,13.3,SB0,1,,5529,42,0,16.08,0,29.0,13.64,0,48.9,2.2,15.72,15.06,0.1,,
399,400,86,d,297.1789166666666,-30.93758333333333,18.7,9.6,S0,1,,5916,50,0,15.85,0,23.9,14.19,0,35.7,1.66,15.75,15.02,0.1,,
400,401,87,a,311.3459583333333,-20.034805555555554,39.8,9.1,Sbc,6,m,8694,35,0,15.41,0,39.7,13.29,0,62.5,1.86,14.95,13.97,0.2,-20.7,
401,402,87,b,311.3292916666666,-20.04161111111111,17.5,14.1,S0,1,m,8972,65,1,15.6,0,34.3,13.8,0,48.5,1.6,15.6,15.1,0.1,-19.7,
402,403,87,c,311.33395833333327,-20.017249999999997,21.4,9.1,Sd,9,,8920,133,1,16.23,0,29.5,14.88,0,34.0,1.28,15.78,15.02,0.1,-19.8,
403,404,87,d,311.3377083333333,-20.031638888888885,7.8,5.8,Sd,9,,10200,160,1,17.83,0,13.0,16.34,0,16.4,1.39,17.46,16.89,0.2,-18.2,
404,405,88,a,312.48562499999997,-5.899916666666666,45.1,20.2,Sb,5,m,6033,25,0,14.22,0,57.3,12.57,0,75.9,1.56,14.02,13.18,0.1,-20.7,N6978
405,406,88,b,312.4622916666666,-5.935694444444444,34.0,26.5,SBb,5,m,6010,22,0,14.28,0,62.2,12.69,0,75.5,1.51,13.88,13.24,0.1,-20.7,N6977
406,407,88,c,312.4465833333333,-5.961333333333332,27.6,21.0,Sc,7,,6083,26,0,14.95,0,56.1,13.96,0,58.1,0.99,14.52,13.87,0.1,-20.1,N6976
407,408,88,d,312.391375,-5.98686111111111,32.7,8.5,Sc,7,m,6032,59,0,15.96,0,30.6,14.6,0,34.4,1.31,15.52,14.49,0.2,-19.4,N6975
408,409,89,a,319.3510833333333,-4.134555555555555,29.1,16.1,Sc,7,,8850,61,0,15.5,0,40.9,14.27,0,46.1,1.16,14.8,14.1,0.5,-20.6,
409,410,89,b,319.4269583333333,-4.108833333333333,20.9,10.2,SBc,7,m,8985,45,0,16.22,0,28.5,15.18,0,30.5,1.01,15.59,14.88,0.2,-19.9,
410,411,89,c,319.38162499999993,-4.130194444444444,14.4,8.6,Scd,8,,8872,40,0,16.55,0,24.4,15.39,0,27.0,1.11,16.16,15.52,0.1,-19.2,
411,412,89,d,319.3800416666666,-4.120722222222222,8.1,5.1,Sm,11,,8857,32,0,17.16,0,14.9,16.32,0,16.6,0.8,16.92,16.27,0.1,-18.5,
412,413,90,a,329.7815833333333,-32.11163888888888,71.8,43.2,Sa,3,m,2575,28,0,13.13,0,95.1,11.48,0,112.0,1.6,12.84,12.36,0.07,-19.7,N7172
413,414,90,b,329.8086666666666,-32.23224999999999,39.9,36.4,E0,0,,2525,29,0,12.66,1,86.9,10.89,1,135.7,1.64,12.88,12.57,0.13,-19.5,N7176
414,415,90,c,329.7865833333333,-32.216027777777775,36.6,30.4,E0,0,m,2696,24,0,14.03,1,47.2,11.25,1,173.5,2.23,13.04,12.73,0.06,-19.3,N7173
415,416,90,d,329.7983333333333,-32.23577777777777,69.3,26.3,Im,12,m,2778,29,0,14.37,1,55.0,12.13,1,98.8,1.83,13.54,12.81,0.15,-19.4,N7174
416,417,91,a,331.57154166666663,-28.055527777777773,43.2,35.0,SBc,7,m,6832,40,0,13.57,1,77.2,12.43,1,94.9,1.09,13.0,12.62,0.13,-21.6,N7214
417,418,91,b,331.60841666666664,-27.977111111111107,28.0,5.1,Sc,7,m,7196,66,0,15.8,0,27.2,14.34,0,31.3,1.43,15.53,14.63,0.2,-19.7,
418,419,91,c,331.59874999999994,-28.028166666666664,23.9,16.4,Sc,7,,7319,49,0,15.39,0,41.8,14.24,0,47.6,1.08,14.91,14.47,0.2,-19.9,
419,420,91,d,331.5755,-28.046555555555553,13.4,10.2,SB0,1,m,7195,41,0,15.48,1,25.8,13.91,1,36.7,1.37,15.34,14.99,0.2,-19.3,
420,421,92,a,338.4414583333333,33.68905555555555,69.8,44.2,Sd,9,,786,20,0,13.47,1,84.1,12.38,1,86.4,1.09,13.28,12.53,0.09,,N7320 U12101
421,422,92,b,338.4210416666666,33.70658333333333,66.6,32.9,Sbc,6,m,5774,24,0,14.06,1,70.1,12.47,1,90.0,1.43,14.01,13.18,0.13,,N7318B U12100
422,423,92,c,338.4430416666666,33.71594444444444,52.8,41.5,SBc,7,m,6764,28,0,14.25,1,83.2,12.65,1,81.5,1.62,14.0,13.33,0.1,,N7319 U12102
423,424,92,d,338.41416666666663,33.70619444444444,36.6,30.7,Sc,7,m,6630,23,0,14.47,1,57.8,13.13,1,68.2,1.23,14.28,13.63,0.08,,N7318A U12099
424,425,92,e,338.39462499999996,33.68527777777777,22.9,21.2,E1,0,,6599,26,0,14.93,1,50.0,12.72,1,62.5,1.16,14.6,14.01,0.08,,N7317
425,426,93,a,348.19499999999994,18.688666666666663,36.2,33.4,E1,0,m,5140,31,0,13.48,0,95.9,11.85,0,104.7,1.6,12.95,12.61,0.1,-21.0,N7550 U12456
426,427,93,b,348.19999999999993,18.768777777777775,57.4,19.5,SBd,9,m,4672,38,0,14.13,0,64.1,12.79,0,72.2,1.3,13.9,13.18,0.1,-20.2,N7594 U12457
427,428,93,c,348.1434583333333,18.700361111111107,35.9,15.9,SBa,3,m,5132,33,0,14.87,0,41.4,12.92,0,68.3,1.79,14.56,13.94,0.1,-19.6,N7547 U12453
428,429,93,d,348.26629166666663,18.775027777777776,16.9,16.5,SB0,1,,5173,34,0,15.85,0,27.6,13.9,0,41.3,1.83,15.61,15.27,0.1,-18.3,
429,430,93,e,348.28779166666664,18.646638888888887,27.1,21.8,Sa,3,,8881,39,0,16.02,0,30.1,13.85,0,55.0,1.87,15.82,15.4,0.1,,
430,431,94,a,348.6833333333333,18.43455555555555,25.9,23.9,E1,0,m,12040,42,0,14.66,1,63.7,12.93,1,73.3,1.67,14.25,13.91,0.2,-21.5,N7578B U12477
431,432,94,b,348.67708333333326,18.427638888888886,17.3,12.8,E3,0,m,11974,37,0,15.28,1,50.5,13.54,1,61.3,1.63,14.87,14.53,0.2,-20.9,N7578A U12478
432,433,94,c,348.71174999999994,18.461027777777776,20.1,8.6,S0,1,m,12120,52,0,16.38,0,22.4,14.43,0,32.6,1.83,16.06,15.58,0.1,-19.9,
433,434,94,d,348.69062499999995,18.438527777777775,9.3,5.8,S0,1,m,13009,42,0,16.52,1,26.7,14.8,1,31.4,1.65,16.21,15.79,0.2,-19.8,
434,435,94,e,348.6916666666666,18.453361111111107,14.8,3.7,Sd,9,m,12250,103,0,18.15,0,12.1,16.37,0,15.8,1.66,17.72,16.9,0.2,-18.6,
435,436,94,f,348.7045833333333,18.465833333333332,7.0,5.0,S0,1,,12920,108,0,18.16,0,11.0,16.22,0,17.2,1.76,18.18,17.78,0.1,,
436,437,94,g,348.7104583333333,18.47572222222222,5.9,3.3,S0,1,,13200,114,0,18.57,0,8.4,16.64,0,13.1,1.76,18.4,17.96,0.1,,
437,438,95,a,349.2423749999999,9.234138888888888,26.3,19.5,E3,0,m,11888,45,0,15.23,1,37.3,13.43,1,49.1,1.7,14.71,14.42,0.2,-21.0,N7609
438,439,95,b,349.25849999999997,9.22111111111111,20.7,8.9,Scd,8,m,11637,48,0,16.12,0,25.1,14.63,0,29.9,1.44,15.93,15.34,0.1,-20.0,
439,440,95,c,349.23387499999995,9.220555555555555,28.4,9.4,Sm,11,m,11562,40,0,16.38,1,26.3,14.66,1,37.2,1.51,15.93,15.2,0.2,-20.1,
440,441,95,d,349.2471249999999,9.228944444444442,22.1,4.4,Sc,7,m,12350,97,0,17.23,0,16.9,15.37,0,22.0,1.77,17.0,16.14,0.1,-19.3,
441,442,96,a,351.35254166666664,8.502749999999999,33.3,30.6,Sc,7,m,8698,25,0,14.01,1,61.6,12.64,1,73.8,1.33,13.84,13.53,0.2,-21.2,N7674 Mk533 U12608
442,443,96,b,351.39062499999994,8.492916666666666,18.7,14.1,E2,0,m,8616,42,0,15.04,0,39.7,13.2,0,60.7,1.68,14.77,14.49,0.1,-20.2,
443,444,96,c,351.36049999999994,8.507333333333332,12.2,8.8,Sa,3,m,8753,35,0,16.1,1,19.8,14.38,1,26.1,1.61,16.09,15.69,0.2,-19.0,
444,445,96,d,351.36625,8.49186111111111,6.6,3.7,Im,12,m,8975,57,0,17.13,0,13.2,16.1,0,15.9,0.97,17.1,16.56,0.1,-18.2,
445,446,97,a,356.20449999999994,-2.578861111111111,45.9,25.0,E5,0,m,6910,25,0,14.27,1,68.9,12.75,1,115.8,1.76,14.41,14.16,0.2,-20.1,I5357
446,447,97,b,356.26612499999993,-2.595083333333333,34.1,9.1,Sc,7,,6940,72,0,15.86,0,30.2,14.17,0,39.7,1.57,15.54,14.83,0.1,-19.4,I5359
447,448,97,c,356.20741666666663,-2.629333333333333,23.3,14.8,Sa,3,,5995,35,0,15.11,0,35.5,13.51,0,48.9,1.51,14.95,14.54,0.1,-19.4,I5356
448,449,97,d,356.18724999999995,-2.591194444444444,28.3,24.7,E1,0,,6239,33,0,14.95,0,41.9,12.66,1,105.4,1.5,14.7,14.45,0.1,-19.5,I5351
449,450,97,e,356.19112499999994,-2.5589166666666663,11.6,9.8,S0a,2,,6579,45,0,16.75,1,17.1,14.81,1,30.1,1.67,16.61,16.31,0.2,-17.8,
450,451,98,a,357.90149999999994,0.10452777777777776,45.8,22.1,SB0,1,m,7855,20,0,14.14,1,65.4,12.43,1,85.3,1.6,14.04,13.67,0.2,,N7783A U12837a
451,452,98,b,357.91037499999993,0.0983611111111111,21.3,15.4,S0,1,m,7959,26,0,15.16,1,33.9,13.41,1,49.8,1.58,15.99,15.69,0.2,,N7783B U12837b
452,453,98,c,357.91724999999997,0.07872222222222221,8.7,6.7,E2,0,,8145,33,0,16.59,0,15.4,14.85,0,25.4,1.62,16.42,16.17,0.1,,
453,454,98,d,357.9040833333333,0.11580555555555554,8.2,8.2,Sc,7,,14950,67,0,16.94,0,15.3,15.93,0,16.4,1.0,17.46,17.21,0.1,,
454,455,99,a,359.51899999999995,28.106638888888885,34.7,15.2,Sa,3,,8705,20,0,14.98,1,42.6,13.25,1,48.2,1.7,14.62,13.97,0.2,-20.7,U12897
455,456,99,b,359.55625,28.123527777777774,24.8,22.1,E2,0,,8846,30,0,15.0,1,40.0,13.05,1,64.0,1.76,14.39,14.03,0.2,-20.7,U12899
456,457,99,c,359.5441666666666,28.123055555555553,9.4,6.1,SB0a,2,,8216,34,0,15.85,1,35.9,13.9,1,54.3,1.76,15.36,14.87,0.2,-19.7,
457,458,99,d,359.5487083333333,28.093305555555553,21.5,13.9,S0a,2,,8643,82,0,17.44,0,15.8,15.65,0,21.3,1.67,17.22,16.73,0.1,-18.0,
458,459,99,e,359.5371666666666,28.090888888888884,11.3,8.9,S0,1,,9007,96,0,17.84,0,11.1,16.07,0,16.0,1.65,17.68,17.28,0.1,,
459,460,100,a,359.6930416666666,12.832555555555555,33.2,19.0,Sb,5,m,5300,27,0,14.2,0,48.9,12.62,0,61.7,1.53,14.13,13.66,0.1,-20.0,N7803 U12906
460,461,100,b,359.71812499999993,12.834388888888887,17.3,15.7,Sm,11,m,5253,37,0,15.4,0,33.0,14.28,0,38.8,1.05,15.21,14.9,0.1,-18.7,Mk0934
461,462,100,c,359.665625,12.865583333333332,22.1,9.6,SBc,7,m,5461,38,0,16.01,0,31.4,15.46,0,31.3,1.23,15.78,15.22,0.1,-18.5,
462,463,100,d,359.6708333333333,12.834249999999999,16.0,6.1,Scd,8,m,,,,16.97,0,19.3,14.67,0,40.2,1.18,16.58,15.97,0.1,-17.8,
